{"cameraMode":{"drawMode":0,"name":"Shaded","section":"Shading Mode"},"sceneLighting":false,"audioPlay":false,"sceneViewState":{"showFog":true,"showMaterialUpdate":true,"showSkybox":false,"showFlares":true,"showImageEffects":true,"showParticleSystems":true},"in2DMode":false,"pivot":{"x":-1.1920928955078126e-7,"y":0.7535274624824524,"z":-0.016363799571990968},"rotation":{"x":0.18914060294628144,"y":0.5458200573921204,"z":-0.1286337822675705,"w":0.8062223196029663},"size":3.931931257247925,"orthographic":false}