{"cameraMode":{"drawMode":0,"name":"Shaded","section":"Shading Mode"},"sceneLighting":false,"audioPlay":false,"sceneViewState":{"showFog":true,"showMaterialUpdate":true,"showSkybox":false,"showFlares":true,"showImageEffects":true,"showParticleSystems":true},"in2DMode":false,"pivot":{"x":9.5367431640625e-7,"y":0.8036624789237976,"z":-0.015426158905029297},"rotation":{"x":0.18914060294628144,"y":0.5458200573921204,"z":-0.1286337822675705,"w":0.8062223196029663},"size":3.5325448513031008,"orthographic":false}