{"cameraMode":{"drawMode":0,"name":"Shaded","section":"Shading Mode"},"sceneLighting":false,"audioPlay":false,"sceneViewState":{"showFog":true,"showMaterialUpdate":true,"showSkybox":false,"showFlares":true,"showImageEffects":true,"showParticleSystems":true},"in2DMode":false,"pivot":{"x":2.384185791015625e-7,"y":1.566811442375183,"z":0.02040916681289673},"rotation":{"x":0.18914060294628144,"y":0.5458200573921204,"z":-0.1286337822675705,"w":0.8062223196029663},"size":6.516534805297852,"orthographic":false}