{"cameraMode":{"drawMode":0,"name":"Shaded","section":"Shading Mode"},"sceneLighting":false,"audioPlay":false,"sceneViewState":{"showFog":true,"showMaterialUpdate":true,"showSkybox":false,"showFlares":true,"showImageEffects":true,"showParticleSystems":true},"in2DMode":false,"pivot":{"x":0.0,"y":1.3419028520584107,"z":-0.020409226417541505},"rotation":{"x":0.18914060294628144,"y":0.5458200573921204,"z":-0.1286337822675705,"w":0.8062223196029663},"size":5.873445987701416,"orthographic":false}