{"cameraMode":{"drawMode":0,"name":"Shaded","section":"Shading Mode"},"sceneLighting":false,"audioPlay":false,"sceneViewState":{"showFog":true,"showMaterialUpdate":true,"showSkybox":false,"showFlares":true,"showImageEffects":true,"showParticleSystems":true},"in2DMode":false,"pivot":{"x":-0.5811721086502075,"y":0.8321897983551025,"z":-1.359144926071167},"rotation":{"x":-0.0060206870548427109,"y":0.9943238496780396,"z":-0.08644583821296692,"w":-0.06362548470497132},"size":5.873446464538574,"orthographic":false}