{"cameraMode":{"drawMode":0,"name":"Shaded","section":"Shading Mode"},"sceneLighting":false,"audioPlay":false,"sceneViewState":{"showFog":true,"showMaterialUpdate":true,"showSkybox":false,"showFlares":true,"showImageEffects":true,"showParticleSystems":true},"in2DMode":false,"pivot":{"x":-1.7881393432617188e-7,"y":1.120115876197815,"z":-0.01777815818786621},"rotation":{"x":0.18914060294628144,"y":0.5458200573921204,"z":-0.1286337822675705,"w":0.8062223196029663},"size":5.0418267250061039,"orthographic":false}