{"cameraMode":{"drawMode":0,"name":"Shaded","section":"Shading Mode"},"sceneLighting":true,"audioPlay":false,"sceneViewState":{"showFog":true,"showMaterialUpdate":true,"showSkybox":true,"showFlares":true,"showImageEffects":true,"showParticleSystems":true},"in2DMode":false,"pivot":{"x":511.13458251953127,"y":383.9871826171875,"z":0.0},"rotation":{"x":-0.1368103176355362,"y":-0.08491429686546326,"z":0.012042449787259102,"w":-0.9870364665985107},"size":631.6358642578125,"orthographic":false}